{
  "lines": {
    "covered": 13445,
    "count": 13707,
    "percent": 98.08856788502224
  },
  "functions": {
    "covered": 1109,
    "count": 1146,
    "percent": 96.77137870855148
  },
  "regions": {
    "covered": 21373,
    "count": 22104,
    "percent": 96.69290626131017
  }
}